{
"name": "ajaxify",
"title": "Ajaxify",
"description": "Ajaxify your site out of the box, instantly.",
"keywords": [
"ui",
"animation",
"jquery",
"effect",
"ajax",
"html5",
"scroll",
"form",
"responsive",
"change",
"content",
"performance",
"speed"
],
"version": "6.6.0",
"author": {
"name": "Arvind Gupta",
"url": "http://4nf.org/more/about/"
},
"licenses": [
{
"type": "MIT",
"url": "http://www.opensource.org/licenses/mit-license.php"
}
],
"bugs": "https://github.com/arvgta/ajaxify/issues?state=open",
"homepage": "http://4nf.org/",
"demo": "http://4nf.org/demos/",
"docs": "http://4nf.org/ajaxify-overview/",
"download": "http://4nf.org/ajaxify.min.js",
"dependencies": {
"jquery": ">=1.8.0"
}
}
